Accuracy,Precision_macro,Recall_macro,F1_macro,ROC_AUC_macro
0.6625,0.3597572362278245,0.3824857026143791,0.36796165314471957,0.8176776483240572
